PRAGMA foreign_keys=OFF;
BEGIN TRANSACTION;
CREATE TABLE [Trips] ([tripId] Integer, [tripName] Text, [dateOfDeparture] Text, [dateOfReturn] Text, [tripPrice] Integer, [tripDescription] Text, [seatsAvailable] Integer, [seatsLeft] Integer, [tripCategory] Text, [guideId] Integer);
INSERT INTO "Trips" VALUES(1,'South Coast','4/20/2017 3:37:12 PM','4/21/2017 12:35:35 AM',4500,'Nice description that does not necessarily make sense.',100,92,'Safari',1);
INSERT INTO "Trips" VALUES(2,'Golden Circle','6/28/2017 6:01:12 PM','6/30/2017 1:54:53 AM',19500,'Nice description that does not necessarily make sense.',100,0,'Activity',1);
INSERT INTO "Trips" VALUES(3,'Landmannalaugar','5/30/2017 10:49:12 PM','5/31/2017 11:39:56 PM',17100,'Nice description that does not necessarily make sense.',100,96,'Road trip',1);
INSERT INTO "Trips" VALUES(4,'Sightseeing the Highlands','6/24/2017 10:49:12 AM','6/26/2017 9:13:40 AM',14300,'Nice description that does not necessarily make sense.',100,92,'Skiing',1);
INSERT INTO "Trips" VALUES(5,'Blue Lagoon','7/5/2017 6:01:12 PM','7/6/2017 5:25:09 AM',6800,'Nice description that does not necessarily make sense.',100,77,'Safari',2);
INSERT INTO "Trips" VALUES(6,'Snaefellsnes','7/6/2017 3:37:12 AM','7/8/2017 12:14:44 AM',12300,'Nice description that does not necessarily make sense.',100,20,'Activity',2);
INSERT INTO "Trips" VALUES(7,'Snaefellsnes','6/6/2017 10:49:12 AM','6/6/2017 10:38:24 PM',12100,'Nice description that does not necessarily make sense.',100,72,'Road trip',2);
INSERT INTO "Trips" VALUES(8,'Blue Lagoon','4/26/2017 6:01:12 AM','4/26/2017 5:15:09 PM',9500,'Nice description that does not necessarily make sense.',100,75,'Skiing',3);
INSERT INTO "Trips" VALUES(9,'Sightseeing the Highlands','5/11/2017 8:25:12 AM','5/11/2017 12:30:55 PM',7700,'Nice description that does not necessarily make sense.',100,9,'Safari',3);
INSERT INTO "Trips" VALUES(10,'Snaefellsnes','6/24/2017 8:25:12 AM','6/25/2017 10:34:01 PM',18200,'Nice description that does not necessarily make sense.',100,41,'Activity',3);
INSERT INTO "Trips" VALUES(11,'Snaefellsnes','5/5/2017 1:13:12 AM','5/6/2017 1:05:22 AM',12200,'Nice description that does not necessarily make sense.',100,91,'Road trip',4);
INSERT INTO "Trips" VALUES(12,'Landmannalaugar','7/17/2017 3:37:12 PM','7/19/2017 3:41:22 AM',14800,'Nice description that does not necessarily make sense.',100,62,'Skiing',4);
INSERT INTO "Trips" VALUES(13,'Sightseeing the Highlands','6/8/2017 3:37:12 PM','6/9/2017 6:15:39 AM',15500,'Nice description that does not necessarily make sense.',100,73,'Safari',4);
INSERT INTO "Trips" VALUES(14,'Blue Lagoon','4/18/2017 8:25:12 AM','4/19/2017 12:24:05 AM',19600,'Nice description that does not necessarily make sense.',100,1,'Activity',4);
INSERT INTO "Trips" VALUES(15,'Blue Lagoon','6/23/2017 8:25:12 PM','6/25/2017 9:46:51 AM',15400,'Nice description that does not necessarily make sense.',100,52,'Road trip',4);
INSERT INTO "Trips" VALUES(16,'Sightseeing the Highlands','6/20/2017 6:01:12 AM','6/21/2017 2:03:36 AM',15400,'Nice description that does not necessarily make sense.',100,27,'Skiing',4);
INSERT INTO "Trips" VALUES(17,'Golden Circle','4/30/2017 8:25:12 AM','4/30/2017 8:26:22 PM',4900,'Nice description that does not necessarily make sense.',100,82,'Safari',5);
INSERT INTO "Trips" VALUES(18,'Sightseeing the Highlands','6/26/2017 8:25:12 AM','6/26/2017 9:17:43 AM',6100,'Nice description that does not necessarily make sense.',100,35,'Activity',5);
INSERT INTO "Trips" VALUES(19,'Blue Lagoon','5/20/2017 6:01:12 AM','5/22/2017 3:31:09 AM',14300,'Nice description that does not necessarily make sense.',100,78,'Road trip',6);
INSERT INTO "Trips" VALUES(20,'Snaefellsnes','6/24/2017 10:49:12 AM','6/24/2017 1:11:58 PM',11500,'Nice description that does not necessarily make sense.',100,44,'Skiing',6);
CREATE TABLE [Guides] ([guideId] Integer, [guideName] Text, [guideDescription] Text, [guideProfileURL] Text);
INSERT INTO "Guides" VALUES(1,'Addison','Highly skilled Guide','https://randomuser.me/api/portraits/women/2.jpg');
INSERT INTO "Guides" VALUES(2,'Avery','With 20 years of experience yadyyadya','https://randomuser.me/api/portraits/women/33.jpg');
INSERT INTO "Guides" VALUES(3,'Cameron','Very good indeed','https://randomuser.me/api/portraits/women/53.jpg');
INSERT INTO "Guides" VALUES(4,'Trump','I know guiding. I give the best guiding. No one guides better than me. Make guiding great again!','https://68.media.tumblr.com/avatar_a268b511f470_128.png');
INSERT INTO "Guides" VALUES(5,'Reese','No, not THAT Reese.','https://randomuser.me/api/portraits/women/13.jpg');
INSERT INTO "Guides" VALUES(6,'Rudy','on rails.','https://randomuser.me/api/portraits/women/3.jpg');
CREATE TABLE [Reviews] ([tripName] Text, [reviewText] Text, [stars] Integer);
INSERT INTO "Reviews" VALUES('Blue Lagoon','Review 1 for Blue Lagoon',5);
INSERT INTO "Reviews" VALUES('Blue Lagoon','Review 2 for Blue Lagoon',3);
INSERT INTO "Reviews" VALUES('Golden Circle','Review 1 for Golden Circle',5);
INSERT INTO "Reviews" VALUES('Golden Circle','Review 2 for Golden Circle',2);
INSERT INTO "Reviews" VALUES('Landmannalaugar','Review 1 for Landmannalaugar',5);
INSERT INTO "Reviews" VALUES('Sightseeing the Highlands','Review 1 for Sightseeing the Highlands',1);
INSERT INTO "Reviews" VALUES('Snaefellsnes','Review 1 for Snaefellsnes',5);
COMMIT;