PRAGMA foreign_keys=OFF;
BEGIN TRANSACTION;
CREATE TABLE [Trips] ([tripId] Integer, [tripName] Text, [dateOfDeparture] Integer, [dateOfReturn] Integer, [tripPrice] Integer, [tripDescription] Text, [seatsAvailable] Integer, [seatsLeft] Integer, [tripCategory] Text, [guideId] Integer);
INSERT INTO "Trips" VALUES(1,'South Coast',1493751091,1493767807,7900,'Nice description that does not necessarily make sense.',100,12,'Safari',1);
INSERT INTO "Trips" VALUES(2,'Golden Circle',1496816062,1496839913,8400,'Nice description that does not necessarily make sense.',100,1,'Activity',1);
INSERT INTO "Trips" VALUES(3,'Landmannalaugar',1492843818,1492854160,11300,'Nice description that does not necessarily make sense.',100,28,'Road trip',1);
INSERT INTO "Trips" VALUES(4,'Sightseeing the Highlands',1492871699,1492893735,8500,'Nice description that does not necessarily make sense.',100,70,'Skiing',1);
INSERT INTO "Trips" VALUES(5,'Blue Lagoon',1497124288,1497143541,19500,'Nice description that does not necessarily make sense.',100,16,'Safari',2);
INSERT INTO "Trips" VALUES(6,'Snaefellsnes',1500619424,1500629808,8800,'Nice description that does not necessarily make sense.',100,9,'Activity',2);
INSERT INTO "Trips" VALUES(7,'Snaefellsnes',1494596640,1494619465,4000,'Nice description that does not necessarily make sense.',100,55,'Road trip',2);
INSERT INTO "Trips" VALUES(8,'Blue Lagoon',1494276538,1494297052,7000,'Nice description that does not necessarily make sense.',100,44,'Skiing',3);
INSERT INTO "Trips" VALUES(9,'Sightseeing the Highlands',1494776485,1494797231,5100,'Nice description that does not necessarily make sense.',100,87,'Safari',3);
INSERT INTO "Trips" VALUES(10,'Snaefellsnes',1494961117,1494973541,14300,'Nice description that does not necessarily make sense.',100,38,'Activity',3);
INSERT INTO "Trips" VALUES(11,'Snaefellsnes',1493322053,1493333942,9100,'Nice description that does not necessarily make sense.',100,97,'Road trip',4);
INSERT INTO "Trips" VALUES(12,'Landmannalaugar',1501434782,1501445918,10300,'Nice description that does not necessarily make sense.',100,68,'Skiing',4);
INSERT INTO "Trips" VALUES(13,'Sightseeing the Highlands',1492806948,1492829799,10200,'Nice description that does not necessarily make sense.',100,96,'Safari',4);
INSERT INTO "Trips" VALUES(14,'Blue Lagoon',1498169985,1498194821,2500,'Nice description that does not necessarily make sense.',100,78,'Activity',4);
INSERT INTO "Trips" VALUES(15,'Blue Lagoon',1498049098,1498066318,6800,'Nice description that does not necessarily make sense.',100,86,'Road trip',4);
INSERT INTO "Trips" VALUES(16,'Sightseeing the Highlands',1499916645,1499936584,1400,'Nice description that does not necessarily make sense.',100,61,'Skiing',4);
INSERT INTO "Trips" VALUES(17,'Golden Circle',1492512659,1492531301,20000,'Nice description that does not necessarily make sense.',100,31,'Safari',5);
INSERT INTO "Trips" VALUES(18,'Sightseeing the Highlands',1496626644,1496655156,14500,'Nice description that does not necessarily make sense.',100,70,'Activity',5);
INSERT INTO "Trips" VALUES(19,'Blue Lagoon',1499841583,1499851927,13100,'Nice description that does not necessarily make sense.',100,14,'Road trip',6);
INSERT INTO "Trips" VALUES(20,'Snaefellsnes',1493118265,1493135735,16900,'Nice description that does not necessarily make sense.',100,82,'Skiing',6);
CREATE TABLE [Guides] ([guideId] Integer, [guideName] Text, [guideDescription] Text, [guideProfileURL] Text);
INSERT INTO "Guides" VALUES(1,'Addison','Highly skilled Guide','https://randomuser.me/api/portraits/women/2.jpg');
INSERT INTO "Guides" VALUES(2,'Avery','With 20 years of experience yadyyadya','https://randomuser.me/api/portraits/women/33.jpg');
INSERT INTO "Guides" VALUES(3,'Cameron','Very good indeed','https://randomuser.me/api/portraits/women/53.jpg');
INSERT INTO "Guides" VALUES(4,'Trump','I know guiding. I give the best guiding. No one guides better than me. Make guiding great again!','https://68.media.tumblr.com/avatar_a268b511f470_128.png');
INSERT INTO "Guides" VALUES(5,'Reese','No, not THAT Reese.','https://randomuser.me/api/portraits/women/13.jpg');
INSERT INTO "Guides" VALUES(6,'Rudy','on rails.','https://randomuser.me/api/portraits/women/3.jpg');
CREATE TABLE [Reviews] ([tripName] Text, [reviewText] Text, [stars] Integer);
INSERT INTO "Reviews" VALUES('Blue Lagoon','Review 1 for Blue Lagoon','5');
INSERT INTO "Reviews" VALUES('Blue Lagoon','Review 2 for Blue Lagoon','3');
INSERT INTO "Reviews" VALUES('Golden Circle','Review 1 for Golden Circle','5');
INSERT INTO "Reviews" VALUES('Golden Circle','Review 2 for Golden Circle','2');
INSERT INTO "Reviews" VALUES('Landmannalaugar','Review 1 for Landmannalaugar','5');
INSERT INTO "Reviews" VALUES('Sightseeing the Highlands','Review 1 for Sightseeing the Highlands','1');
INSERT INTO "Reviews" VALUES('Snaefellsnes','Review 1 for Snaefellsnes','5');
CREATE TABLE [Bookings] ([bookingId] Integer, [tripId] Integer, [numberOfSeats] Integer, [nameOfBuyer] Text, [phoneNumber] Integer, [email] Text);
COMMIT;